"","Q1","Q2","Q3","Q4","Q5","Q6","Q7","Q8","gender","S","DD","D_pred"
"1",3,0,0,0,0,0,0,0,"M",3,"0",5.6095285902645
"2",2.5,0,0,0,0,0,0,0.5,"W",2.5,"0",5.03307027602069
"3",3,0,0,0,0,0,0.5,1,"M",3.5,"1",5.41957964161317
"4",2,1,0,0,0,0,0,0.5,"M",3,"0",6.30422803969785
"5",1,0.5,0,0,0,0,0,0.5,"W",1.5,"0",2.29089776936997
"6",3,1,1,0,0,0,1,2,"M",6,"1",10.5797516014582
"7",2,1,1,0,1,0,1.5,3,"M",6.5,"1",12.5060838902807
"8",0,0,0,0,0,0,0,0,"W",0,"0",0
"9",3,0,2,2,0,3,3,3,"M",13,"1",23.1633897930385
"10",3,1.5,1,0,0,0,2,3,"W",7.5,"1",12.0120787871781
"11",3,1.5,1,0,0,0,2,3,"W",7.5,"1",14.9410470271488
"12",0,0,0,0,0,0,0,0,"M",0,"0",0
"13",3,3,0,0,0,0,2,2,"M",8,"1",14.727366283761
"14",3,0,0,0,0,0,0,3,"M",3,"1",7.35175357683884
"15",3,3,2,2,0,2,0,3,"M",12,"1",21.5057315759385
"16",0,0,0,0,0,0,0,0,"M",0,"0",0
"17",3,0,3,2,0,2,3,3,"M",13,"1",22.9473870008426
"18",0,0,0,0,0,0,0,0,"M",0,"0",0
"19",0,0,0,0,0,0,0,0,"M",0,"0",0
"20",0,0,0,0,0,0,0,0,"M",0,"0",0
"21",0,0,0,0,0,0,0,0,"M",0,"0",0
"22",1,1.5,0,0,0,1.5,1.5,3,"M",5.5,"1",8.74745187358505
"23",2.5,2,1.5,2,2,1.5,2.5,2.5,"M",14,"1",26.6923986589429
"24",2,1.5,1,0,0,1.5,1,2,"M",7,"1",12.6199431231497
"25",1.5,1,0,0,0,0,0,0.5,"M",2.5,"0",5.23147805737546
"26",1.5,1.5,1,0.5,0.5,0.5,1,1.5,"M",6.5,"1",11.76034021573
"27",1,1,0.5,1,1,1,0,2,"M",5.5,"1",10.1877712189042
"28",1.5,2,2,2,2,2,2,3,"M",13.5,"1",24.9031640122533
"29",2,1,1,1,0.5,1,3,2,"M",9.5,"1",16.8172374704563
"30",2,1,2,1.5,1.5,0,1,3,"M",9,"1",16.7862152280243
"31",2,0,0,0,0,0,0,1,"W",2,"1",3.10845873231141
"32",1,0,0,0,0,0,0,1,"W",1,"1",2.14549996464479
"33",1,1.5,0,0,0,0,0,1,"W",2.5,"1",3.84512713552568
"34",2,1.5,1,0,0,0,1,3,"M",5.5,"1",10.135441362786
"35",0,1,0,0,0,0,0,2,"M",1,"1",1.51378308629212
"36",1,0.5,0,0,0,0,0,2,"M",1.5,"1",2.62837297391877
"37",1,0,0,0,0,0,0,1,"W",1,"1",2.01322811040828
"38",1.5,0,0,0,0,0,0,0.5,"M",1.5,"0",2.33134404923356
"39",0,0.5,0,0,0,0,0,1,"M",0.5,"1",1.00661405520414
"40",0,0,0,0,0,0,0,1,"M",0,"1",0
"41",1,1.5,0,0,0,0,0,3,"M",2.5,"1",4.73531016796172
"42",1.5,0,0,0,0,0,0,1,"M",1.5,"1",3.67587678841942
"43",3,1.5,0,0,1.5,2,2,3,"M",10,"1",17.6970206150714
"44",2,1.5,3,0,2,0,3,3,"M",11.5,"1",22.4198678888897
"45",1.5,0,0,0,0,0,0,2,"W",1.5,"1",2.33134404923356
"46",1,0,0,0,1,1,1,0,"M",4,"0",7.08663241521653
"47",0,1,0,0,0,0,0,0,"M",1,"0",1.5542293661557
"48",3,3,2,3,2,2,3,3,"M",18,"1",34.1114438497335
"49",1,0,0,0,0,0,0,0,"W",1,"0",2.45058452561295
"50",1,0,0,0,0,0,0,0,"M",1,"0",1.8698428634215
"51",1,1,0,0,0,0,0,0,"M",2,"0",4.46381263602122
"52",0,1,0,0,1,0,0,0,"M",2,"0",3.88307097382978
"53",2,1,0,0,0,0,0,0,"W",3,"0",6.30422803969785
"54",2,1,0,0,0,0,0,0,"M",3,"0",4.58179553873995
"55",1,1,0,0,2,0,0,0,"M",4,"0",6.69012635822357
"56",0,0,0,0,0,0,0,0,"M",0,"0",0
"57",0,0,0,0,0,0,0,0,"W",0,"0",0
"58",1,0,0,0,0,0,0,0,"W",1,"0",2.01322811040828
"59",3,3,0,0,0,0,0,0,"M",6,"0",10.2722166887316
"60",3,3,0,0,0,0,0,1,"M",6,"1",12.4761842251592
"61",3,1,0,0,0,0,0,3,"M",4,"1",6.09557862503207
"62",2,3,0,0,0,0,0,1,"M",5,"1",9.47062033592345
"63",3,3,0,0,0,0,0,1,"M",6,"1",11.8931028357152
"64",3,2,0,0,0,0,1,2,"M",6,"1",10.1978783984093
"65",3,2,0,0,0,0,2,3,"M",7,"1",15.2318533117403
"66",3,3,0,0,0,0,1,2,"M",7,"1",11.7859997750237
"67",2,3,0,0,0,0,0,1,"W",5,"1",10.3306842605144
"68",2,3,0,0,0,0,0,2,"M",5,"1",7.69025427105135
"69",3,0,0,0,0,1.5,1.5,3,"M",6,"1",9.68728900734942
"70",1.5,0,0,0,0,1.5,0,2,"M",3,"1",6.8941267353866
"71",3,0,0,0,0,1.5,0,3,"M",4.5,"1",7.88020321970268
"72",1.5,0,0,0,0,1.5,0,0,"M",3,"0",5.29543249710423
"73",3,0,1.5,0,0,1.5,0,2,"W",6,"1",10.6141552183783
"74",3,0,1.5,0,0,1.5,1.5,3,"M",7.5,"1",15.1927313089778
"75",0,0,1.5,0,0,1.5,0,1,"M",3,"1",5.82460646074466
"76",1.5,0,1.5,0,0,1.5,0,3,"M",4.5,"1",7.62677654633778
"77",1.5,0,1.5,0,0,1.5,0,3,"M",4.5,"1",9.22547078462016
"78",0,0,1.5,0,0,1.5,0,3,"M",3,"1",5.48892457640536
"79",0,0,0,0,0,0,0,1,"W",0,"1",0
"80",3,2,1,0,0,0,3,3,"M",9,"1",14.460783305181
"81",3,2,1,0,1,0,3,3,"M",10,"1",19.0189506695032
"82",3,0,0,0,0,0,0,2,"W",3,"1",4.54134925887636
"83",2,1,0,0,0,0,0,2,"M",3,"1",5.17962040663387
"84",3,0,0,0,0,0,0,1,"W",3,"1",7.35175357683884
"85",1,0,0,0,0,0,0,3,"M",1,"1",1.8698428634215
"86",1,0,0,0,0,0,0,2,"W",1,"1",2.01322811040828
"87",1,0,0,0,0,0,0,2,"M",1,"1",1.5542293661557
"88",2,0,0,0,0,0,0,2,"M",2,"1",4.29099992928958
"89",2,1,1,0,0,0,1,3,"M",5,"1",8.90222292777439
"90",0,3,0,0,0,0,0,0,"W",3,"0",6.43649989393436
"91",0,3,0,0,0,0,0,1,"M",3,"1",4.54134925887636
"92",3,2.5,0.5,0,0,0,0,2,"W",6,"1",10.4749291250732
"93",2,2,0.5,0,0,0,0,3,"M",4.5,"1",9.68451681518851
"94",0,3,0,0,0,0,0,0,"W",3,"0",5.6095285902645
"95",0,3,0,0,0,0,0,0,"M",3,"0",6.03968433122483
"96",0,0,1,0,0,0,0,0,"M",1,"0",1.8698428634215
"97",0,0,0,0,1,0,0,0,"M",1,"0",1.51378308629212
"98",0,0,0,0,0,0,0,0,"M",0,"0",0
"99",0,0,0,0,0,0,0,0,"W",0,"0",0
"100",0,0,0,0,0,0,0,0,"M",0,"0",0
"101",0,0,0,0,0,0,0,0,"M",0,"0",0
"102",0,0,0,0,0,0,0,0,"M",0,"0",0
"103",0,0,0,0,0,0,0,0,"M",0,"0",0
"104",0,0,0,0,0,0,0,0,"M",0,"0",0
"105",3,3,0,0,0,0,1.5,3,"M",7.5,"1",14.9129450013276
"106",0,0,0,0,0,0,0,0,"M",0,"0",0
"107",0,0,0,0,0,0,0,0,"W",0,"0",0
"108",1.5,0,0,0,0,0,0,2,"M",1.5,"1",2.33134404923356
"109",0,0,0,0,0,0,0,0,"M",0,"0",0
"110",1.5,0,0,0,0,0,0,1,"M",1.5,"1",2.27067462943818
"111",0,0,0,0,0,0,0,0,"M",0,"0",0
"112",0,0,0,0,0,0,0,0,"M",0,"0",0
"113",1.5,0,0,0,0,0,0,1,"M",1.5,"1",2.80476429513225
"114",0,0,0,0,0,0,0,1,"M",0,"1",0
"115",0,0,0,0,0,0,0,0,"M",0,"0",0
"116",3,0,0,0,0,0,0,3,"M",3,"1",6.43649989393436
"117",0,0,0,0,0,0,0,0,"M",0,"0",0
"118",0,0,0,0,0,0,0,1,"M",0,"1",0
"119",0,0,0,0,0,0,0,2,"M",0,"1",0
"120",0,0,0,0,0,0,0,2,"M",0,"1",0
"121",2,0,0,0,0,0,0,3,"M",2,"1",4.02645622081655
"122",0,0,0,0,0,0,0,0,"M",0,"0",0
"123",0,0,0,0,0,0,0,0,"W",0,"0",0
"124",0,0,0,0,0,0,0,0,"M",0,"0",0
"125",0,0,0,0,0,0,0,0,"M",0,"0",0
"126",0,0,0,0,0,0,0,0,"M",0,"0",0
"127",0,0,0,0,0,0,0,0,"M",0,"0",0
"128",0,0,0,0,0,0,0,2,"W",0,"1",0
"129",1,0,0,0,0,0,0,2,"M",1,"1",1.5542293661557
"130",0,0,0,0,0,0,0,0,"M",0,"0",0
"131",0,0,0,0,0,0,0,0,"M",0,"0",0
"132",0,0,0,0,0,0,0,0,"M",0,"0",0
"133",0,0,0,0,0,0,0,0,"W",0,"0",0
"134",0,0,0,0,0,0,0,2,"M",0,"1",0
"135",3,2,0,1.5,2,3,1.5,2,"M",13,"1",24.7813137684781
"136",2,1,0,1,1.5,0,0.5,2.5,"M",6,"1",10.9005352691362
"137",1.5,0.5,0.5,0,0,0,0.5,1,"M",3,"1",6.20868637547506
"138",2,1.5,0,0,0,0,0.5,1,"M",4,"1",6.58420248462427
"139",1,0.5,0,0,0,0,0.5,1,"M",2,"1",3.52473163502768
"140",0.5,0,0,0,0,0,0,0.5,"M",0.5,"0",1.22529226280647
"141",0,0,0,0,0,0,0,0,"W",0,"0",0
"142",1.5,0,0,0,0,0,0,1.5,"M",1.5,"1",3.01984216561242
"143",0,0,0,0,0,0,0,0,"W",0,"0",0
"144",1.5,1,0,0,0.5,0,0.5,2,"M",3.5,"1",6.76712285095058
"145",2,2,0,0,1,0,0.5,1.5,"M",5.5,"1",9.50681713234691
"146",1.5,1.5,0,0,0.5,0,0,1.5,"M",3.5,"1",6.25073182160505
"147",0,0.5,0,0,0,0,0,0.5,"W",0.5,"0",0.756891543146061
"148",1,0.5,0,0,0,0,0,0.5,"M",1.5,"0",2.62837297391877
"149",2.5,1.5,0,0,0.5,0,0.5,1.5,"M",5,"1",10.7166184784733
"150",0,1,0,0,1.5,0,0,1,"M",2.5,"1",4.88968502903391
"151",0,0.5,0,0,1,0.5,0,0.5,"W",2,"0",3.49576485307059
"152",0,0,0,0,0,0,0,0,"W",0,"0",0
"153",0,0,0,0,0,0,0,0,"M",0,"0",0
"154",1.5,1,0.5,0,0.5,0,0.5,1,"M",4,"1",7.7319187234908
"155",3,1.5,0,0,0,0,0,1.5,"W",4.5,"1",7.88511892175631
"156",1.5,0,0,0,0,0,0,0,"W",1.5,"0",3.01984216561242
"157",2.5,0,0,0,0,1.5,0,0,"W",4,"0",7.56145020380868
"158",3,0,1.5,0,0,0,3,3,"M",7.5,"1",14.6635573453374
"159",3,1.5,1.5,0,0,0,0,1.5,"W",6,"1",9.67745760324217
"160",3,3,3,1.5,1.5,3,3,3,"M",18,"1",33.246132994732
"161",3,3,3,0,3,1.5,3,3,"M",16.5,"1",30.3649058753579
"162",3,0,0,0,0,0,0,1.5,"W",3,"1",5.6095285902645
"163",3,0,0,1.5,0,0,1.5,1.5,"W",6,"1",11.5892783274256
"164",3,0,1.5,0,0,0,3,1.5,"M",7.5,"1",11.4796276888353
"165",1.5,0,0,0,0,0,0,1.5,"M",1.5,"1",3.21824994696718
"166",0,0,0,0,0,0,0,0,"W",0,"0",0
"167",1.5,0,0,0,0,0,0,1.5,"M",1.5,"1",2.27559033149181
"168",3,0,1.5,0,0,0,0,1.5,"M",4.5,"1",9.6830976260724
"169",3,0,1.5,0,0,0,1.5,1.5,"M",6,"1",11.1591225864652
"170",0,0,0,0,0,0,0,1.5,"W",0,"1",0
"171",0,0,0,0,0,0,0,1.5,"W",0,"1",0
"172",0,0,0,0,0,0,0,1.5,"W",0,"1",0
"173",2,1,1.5,1.5,0,0,0,0,"M",6,"0",9.662150165364
"174",2,2,0.5,1.5,2,0,0,0,"M",8,"0",15.0351773874865
"175",1,1.5,0.5,1.5,1.5,0,0,0.5,"M",6,"0",10.578728464753
"176",1.5,1.5,0.5,0.5,1.5,0,0,1,"M",5.5,"1",10.83559545257
"177",1,0.5,0.5,1,0,0,1.5,0.5,"W",4.5,"0",8.7678912294837
"178",2.5,2,1,0.5,0,0,0,1.5,"M",6,"1",10.2150693455492
"179",2,2.5,0.5,1.5,0.5,0,0,2,"M",7,"1",13.5971517806328
"180",2.5,3,2,0.5,1.5,0,2,3,"M",11.5,"1",21.0647806497308
"181",1.5,2,1.5,1,0.5,0,2.5,0,"M",9,"0",17.4685156537066
"182",1,0.5,0.5,0,1.5,0,0.5,0,"M",4,"0",7.26679513853281
"183",0,2,1.5,1,2,1,1,0.5,"W",8.5,"0",16.2347800030383
"184",2.5,0,0,0,0,0,0,1,"M",2.5,"1",5.03307027602069
"185",3,1,0.5,1,1,0,2,2,"M",8.5,"1",14.4773553200232
"186",2.5,0,0,0,0,0,0,0.5,"M",2.5,"0",5.36374991161197
"187",1,0,0,0,0,0,0,0.5,"M",1,"0",1.51378308629212
"188",0.5,0,0,0,0,0,0,0,"M",0.5,"0",0.75853011049727
"189",3,3,2.5,0.5,0.5,0,3,3,"M",12.5,"1",23.5118121245373
"190",2,0.5,0,0,0,0,0,1.5,"M",2.5,"1",4.49821583734027
"191",1,0,0,0,0,0,0,0.5,"M",1,"0",2.01322811040828
"192",0.5,0,0,0,0,0,0,0.5,"W",0.5,"0",0.777114683077852
"193",3,1,1,0.5,1.5,0,1,1.5,"M",8,"1",15.5056083433297
"194",1.5,1,1,0.5,1.5,0,1,1.5,"M",6.5,"1",12.1221114420928
"195",2,0.5,0,0,0,0,0,1,"M",2.5,"1",4.10687042431147
"196",2.5,1.5,0.5,0,0,0,0,1.5,"M",4.5,"1",9.1742506265484
"197",1.5,0,0,0,0,0,0,0.5,"M",1.5,"0",2.80476429513225
"198",2,0.5,0.5,0.5,0.5,0,0.5,1,"M",4.5,"1",8.79342612388008
"199",0.5,0,0,0,0,0,0,0.5,"M",0.5,"0",0.777114683077852
"200",0.5,0,0,0,0,0,0,0.5,"M",0.5,"0",1.07274998232239
"201",2,2,1,2,2,0,2,2,"M",11,"1",20.2321571908217
"202",3,0,0,0,0,0,0,0.5,"M",3,"0",4.55118066298362
"203",3,0,0,0,0,0,0,0.5,"M",3,"0",7.35175357683884
"204",3,2,0,0,0,1.5,2,2,"M",8.5,"1",14.0227823940032
"205",3,2,0,0,0,0,0,1.5,"M",5,"1",10.9408533824507
"206",2.5,0,0,0,0,0,0,0.5,"M",2.5,"0",3.88557341538926
"207",2.5,0,1.5,0,0,0,1.5,0.5,"M",5.5,"0",11.3152170315232
"208",3,1.5,2,0,0,0,1.5,1,"M",8,"1",14.2882558233723
"209",2.5,1,1.5,0,0,0,1.5,0.5,"M",6.5,"0",11.7627569778758
"210",2,1.5,1.5,0,0,0,1.5,0.5,"M",6.5,"0",12.52302989551
"211",1,1.5,1.5,0,0,0,1.5,0.5,"M",5.5,"0",9.69502719111405
"212",2,0,0,0,0,0,0,0,"W",2,"0",4.02645622081655
"213",1.5,0,0,0,0,0,0,0,"W",1.5,"0",2.33134404923356
"214",1,0,1.5,0,0,0,0,0,"W",2.5,"0",5.82137675306421
"215",1,0,1.5,0,0,0,0,0,"W",2.5,"0",4.31854738142437
"216",3,0,0,0,0,0,1,0,"M",4,"0",6.42102352640512
"217",1,0,0,0,0,0,0,0,"M",1,"0",2.45058452561295
"218",1,0,0,0,0,0,0,0,"M",1,"0",1.8698428634215
"219",0,0,0,0,0,0,0,0,"M",0,"0",0
"220",3,3,1.5,3,3,0,3,3,"M",16.5,"1",29.565340504259
"221",2.5,3,1.5,2.5,3,0.5,0.5,3,"M",13.5,"1",25.2199083876617
"222",3,1,1.5,1,0.5,0,1.5,1.5,"M",8.5,"1",15.1660299119007
"223",2,2.5,2,3,2.5,2,2.5,2.5,"M",16.5,"1",31.3436037578519
"224",1.5,1,0.5,0.5,0.5,0,0,0.5,"M",4,"0",7.66022609999741
"225",0,0,0,0,0,0,0,0,"M",0,"0",0
"226",2,0.5,0,0,0,0,0.5,1,"M",3,"1",6.32449846594542
"227",1.5,1.5,0.5,1,0.5,0,1,0.5,"M",6,"0",10.5605355610041
"228",2,2.5,2,2,2,1.5,1,1.5,"M",13,"1",24.6830886775586
"229",0.5,0,0,0,0,0,0,0.5,"M",0.5,"0",0.756891543146061
"230",1.5,2,1,1.5,2.5,0.5,1.5,1,"W",10.5,"1",19.6220318535495
"231",2,1,1,2,0,0.5,0,0.5,"M",6.5,"0",12.7816172128391
"232",0,0,0,0,0,0,0,0.5,"M",0,"0",0
"233",2,0,1,0,0,0,0.5,1,"M",3.5,"1",6.61298928943107
"234",0,0,0,0,0,0,0,0,"M",0,"0",0
"235",0.5,0,0,0,0,1,0.5,0.5,"M",2,"0",3.70112295624116
"236",3,1,1,0.5,0.5,1,0,1,"M",7,"1",11.8099296916815
"237",3,0,0,0,3,0,0,0,"W",6,"0",9.09252992185998
"238",0,0,0,0,3,0,0,1.5,"M",3,"1",4.55118066298362
"239",0,0,0,0,0,0,1.5,1.5,"M",1.5,"1",2.33134404923356
"240",0,0,0,0,3,0,0,0,"M",3,"0",5.6095285902645
"241",3,0,0,0,3,0,0,0,"M",6,"0",10.7023724296919
"242",1.5,0,0,0,0,0,1.5,1.5,"M",3,"1",5.49384027845899
"243",1.5,0,0,0,0,0,0,0,"W",1.5,"0",2.27067462943818
"244",3,0,0,0,0,0,0,1.5,"M",3,"1",4.55118066298362
"245",0,0,0,0,0,0,0,1.5,"M",0,"1",0
"246",0,0,0,0,0,1.5,0,0,"W",1.5,"0",2.27067462943818
"247",3,0,0,0,0,3,3,3,"M",9,"1",17.0273648881428
"248",3,0,0,0,0,3,3,1.5,"M",9,"1",16.5557909341823
"249",2,1,0,0,0,0,0.5,0.5,"M",3.5,"0",7.06275815019512
"250",1,0,0,0,0,0,0,0.5,"M",1,"0",1.51378308629212
"251",2,0.5,0,0,0,0,0,1.5,"M",2.5,"1",4.10687042431147
"252",2.5,0.5,0,0,1,0,1,1.5,"M",5,"1",10.4136411885812
"253",0,0,0,0,0,0,0,0,"W",0,"0",0
"254",3,2.5,0,0.5,1,0,1,2.5,"M",8,"1",16.9586031564013
"255",3,3,1,1,2,0,2.5,3,"M",12.5,"1",21.7456908109178
"256",2.5,1,0,1,0,0,2.5,1,"M",7,"1",12.6834116607987
"257",2,0,0,1,0,0,2.5,1,"M",5.5,"1",10.6710877076111
"258",3,1,0,1.5,0,0,2,1.5,"M",7.5,"1",14.1122431428908
"259",2,0,0,0,0,0,1,1,"M",3,"1",6.91439716163417
"260",2,0,0,0,0,0,3,3,"M",5,"1",8.40237382531011
"261",2.5,1.5,0,1.5,0,0,3,1.5,"M",8.5,"1",17.476791007608
"262",2,2,0,1.5,0,0,2,1.5,"M",7.5,"1",13.0939605787058
"263",2,2,0,0,0,0,1,1.5,"M",5,"1",9.83451637110067
"264",2,0,0,0,0,0,0,1,"W",2,"1",3.02756617258424
"265",1,0,0,0,0,0,0,0,"W",1,"0",1.51706022099454
"266",2,0.5,0,0,0,0,0.5,1.5,"M",3,"1",6.66467464957609
"267",1.5,0,0,0,0,0,0.5,1.5,"M",2,"1",3.5818789782101
"268",2.5,0.5,0,0,0,0,0.5,1.5,"M",3.5,"1",7.33111252114956
"269",2,0,0,0,0,0,2.5,1.5,"M",4.5,"1",6.89291644804171
"270",2,1,0,0,0,0,0.5,1.5,"M",3.5,"1",7.06275815019512
"271",0,0,0,0,0,0,0,0,"W",0,"0",0
"272",0.5,0,0,0,0,0,0,1,"M",0.5,"1",0.75853011049727
"273",1,0,0,0,0,0,0.5,1.5,"M",1.5,"1",3.45719858081709
"274",2.5,0,0,0,0,0,0,1,"M",2.5,"1",4.67460715855375
"275",0.5,0,0,0,0,0,0,0.5,"W",0.5,"0",1.00661405520414
"276",3,0,0,0,0,0,0,0.5,"M",3,"0",4.66268809846711
"277",2,0,0,0,0,0,0,0.5,"M",2,"0",4.29099992928958
"278",2,1,0,0,0,0,0,0.5,"M",3,"0",4.58179553873995
"279",2,0,0,0,0,0,0,0,"M",2,"0",3.03412044198908
"280",0,0,0,0,0,0,0,0.5,"M",0,"0",0
"281",1,0,0,0,0,0,0,0.5,"M",1,"0",1.8698428634215
"282",2,0.5,0,0,0,0,1,1.5,"M",3.5,"1",7.39724844826781
"283",2,0.5,0,0,0,0,0,1.5,"M",2.5,"1",4.04338016402216
"284",3,3,3,2,2,0,0,2,"M",13,"1",25.9639627068937
"285",3,0,0,0,0,0,0,0,"M",3,"0",4.54134925887636
"286",3,1,0,0,0,0,0,1,"M",4,"1",6.69668062762841
"287",2,0,0,0,0,0,0,2,"M",2,"1",4.90116905122589
"288",2,0,0,0,0,0,0,0,"M",2,"0",3.739685726843
"289",2,0,0,0,0,0,1,2,"M",3,"1",6.17195618546134
"290",2,1,0,1,0,0,0,0,"M",4,"0",7.12380156037769
"291",2,1,1,1,0,1,1,1,"M",7,"1",13.655498736019
"292",0,1,0,0,0,1,0,0,"M",2,"0",3.56745747656398
"293",1,0,0,1,0,0,0,0,"M",2,"0",3.96764474660749
"294",1,2,3,1.5,0,3,3,0,"W",13.5,"0",25.4217873169557
"295",2,3,0,0,0,1,2,0,"W",8,"0",12.9131082084301
"296",3,3,3,1.5,2,0,1,0,"W",13.5,"0",26.1493169076614
"297",1,2,3,3,0,1.5,2,1,"W",12.5,"1",22.9850386109203
"298",0,0,0,3,2,3,1,0,"M",9,"0",14.7763968024468
"299",0,0,0,0,0,1,2,1.5,"W",3,"1",6.91439716163417
"300",0,1,3,1.5,3,2,1.5,1.5,"M",12,"1",22.3156333706091
"301",3,2,3,1.5,3,2,1.5,0,"W",16,"0",29.7087949009081
"302",2,3,1.5,3,0,0,1.5,3,"M",11,"1",19.8801447172522
"303",1.5,1,1.5,0,0,1.5,1.5,2,"M",7,"1",13.2349415991225
"304",0,0,0,0,0,0,0,1,"M",0,"1",0
"305",0,1,0,0,0,0,1.5,0,"M",2.5,"0",4.28881844190009
"306",3,0,0,0,0,1,0,1,"M",4,"1",6.55457736928464
"307",3,1,0,0,0,0,1,1,"M",5,"1",8.56652349104991
"308",2,1,0,0,0,0,0,2,"M",3,"1",6.41495213751801
"309",3,0,0,0,0,0,3,2,"M",6,"1",10.2722166887316
"310",3,3,0,0,0,0,0,1,"M",6,"1",13.3914379080637
"311",0,0,0,0,0,0,0,0,"M",0,"0",0
"312",3,3,3,3,3,3,3,3,"M",21,"1",39.1926844125896
"313",0,0,0,0,0,0,0,0,"W",0,"0",0
"314",0,1,0,1,2,2,0,1,"M",6,"1",10.7321093951534
"315",2,1,3,2,1,1,3,0,"M",13,"0",24.5195704796923
"316",1,1,1,0,2,1,0,1,"M",6,"1",11.9473551865788
"317",3,1,3,2,0,3,0,3,"M",12,"1",20.6912575110092
"318",3,3,2,3,1,2,3,1,"M",17,"1",31.1985834451656
"319",3,1,2,1,2,1,0,1,"M",10,"1",19.8429817375936
"320",3,2,3,0,1,2,3,2,"M",14,"1",26.7830463437524
"321",3,0,0,0,0,0,0,1,"M",3,"1",4.55118066298362
"322",0,0,0,0,0,0,0,0,"W",0,"0",0
"323",0.5,0,0,0,0,0,0,0.5,"M",0.5,"0",0.934921431710749
"324",0,0,0,0,0,0,0,0,"W",0,"0",0
"325",1.5,1.5,2,1.5,2,0,1.5,1.5,"M",10,"1",17.6856095835768
"326",0,0,0,0,0,0,0,0,"W",0,"0",0
"327",0,0,0,0,0,0,0,0,"M",0,"0",0
"328",0,0,0,0,0,0,0,0,"M",0,"0",0
"329",0,0,0,0,0,0,0,0,"W",0,"0",0
"330",2.5,1.5,3,1,0,0,2.5,2,"M",10.5,"1",19.2854989097775
"331",2.5,0.5,0,0,0,0,2,2,"M",5,"1",10.5493624681167
"332",1.5,0,0,0,0,0,1.5,1.5,"W",3,"1",4.60201867867174
"333",2.5,2,0,0,0,0,0,1,"M",4.5,"1",9.39020613242852
"334",1,2.5,0,1,0,0,2,2,"M",6.5,"1",11.8175857739018
"335",0,1.5,0,0,0,0,0,1,"W",1.5,"1",3.21824994696718
"336",1.5,0.5,0,0,0,0,1.5,1.5,"M",3.5,"1",7.4526104971779
"337",1.5,0,0,0,0,0,1.5,1.5,"M",3,"1",5.1361083443658
"338",1,0,0,0,0,0,0,0.5,"W",1,"0",2.01322811040828
"339",0,0.5,0,0,0,0,0,0,"W",0.5,"0",0.934921431710749
"340",0,1.5,0,0,0,0,1.5,1.5,"M",3,"1",5.29543249710423
"341",1.5,1.5,0,0,0,0,1.5,1.5,"M",4.5,"1",8.27789546709116
"342",0,1.5,0,0,0,0,1.5,1.5,"M",3,"1",6.02301424209943
"343",3,0.5,0,0,0,0,0,0,"W",3.5,"0",8.1086451199849
"344",3,1.5,1,1.5,0,0,1.5,2,"M",8.5,"1",15.3818051012471
"345",3,2,1.5,1.5,0,0,1.5,2,"M",9.5,"1",18.7611220080896
"346",3,0.5,0,0,0,0,1.5,0,"W",5,"0",7.86828415961604
"347",1.5,1.5,0,0,0,0,0,1.5,"M",3,"1",6.2380921125796
"348",1.5,1,0,1,1.5,0,0,1.5,"M",5,"1",8.56021416355561
"349",2,1.5,0.5,0,1,0,1,1,"M",6,"1",10.642610393874
"350",1,1,0,0,1,0,0,1,"M",3,"1",5.48142783289961
"351",0.5,2,1.5,2,2,0,2,2,"M",10,"1",19.2233758250209
"352",1.5,1,0,0,0,0,0,1,"M",2.5,"1",5.47042669122536
"353",0.5,1.5,0,0,1,0,0,1,"M",3,"1",5.59510708861838
"354",0,1,0,0,0,0,0,0,"M",1,"0",2.01322811040828
"355",0,1.5,0,0,0,0,0,1,"M",1.5,"1",2.33134404923356
"356",2,0,0,1,0,0,0.5,1,"M",3.5,"1",6.41962639931278
"357",3,1.5,0,1,1,2,1.5,1.5,"M",10,"1",20.3201733855951
"358",3,2,0,0,1.5,2,1.5,1,"M",10,"1",17.6784360424908
"359",2.5,2.5,0,1,2,1.5,2,1,"M",11.5,"1",23.0200369438331
"360",1,0,0,0,0,0,1,0,"M",2,"0",3.06801245244782
"361",3,2,0,2.5,1.5,2.5,2,2,"M",13.5,"1",24.2874854802576
"362",2,0,0,0,0,0,2.5,0,"M",4.5,"0",9.15402748661661
"363",1,0,0,0,0,0,2,0,"M",3,"0",5.25674594783754
"364",1,0.5,0,2,1,2,2.5,1,"M",9,"1",17.7882922219068
"365",0,0,0,0,0,0,0,0,"W",0,"0",0
"366",0.5,0,0,0,0,0,0,0,"M",0.5,"0",1.00661405520414
"367",2,1,0,0,1,1,1,1,"M",6,"1",10.9558973180463
"368",2,1,0,0,1,1.5,2.5,1.5,"M",8,"1",14.4558722534722
"369",2,1,0,0,0.5,1.5,2,1.5,"M",7,"1",13.5755567379006
"370",0.5,1,0,0,1.5,1,2,2,"M",6,"1",10.4686197975789
"371",0.5,0,0,0,0,1,1.5,0,"M",3,"0",6.39063439306368
"372",1.5,0,0,0,0,1,1.5,0,"M",4,"0",6.64989143065792
"373",2,0,0,0,0,0,2,0,"M",4,"0",8.31745615010613
"374",3,2,3,0,3,1,2.5,3,"M",14.5,"1",25.2282810608618
"375",1,0,0,0,0,0,0,0,"W",1,"0",2.14549996464479
"376",1,0,0,0,0,0,0,0,"W",1,"0",1.51378308629212
"377",3,3,3,2,3,0,2,3,"M",16,"1",30.2095689250881
"378",3,2,2,1,1,1,2,2,"M",12,"1",23.0466377516119
"379",0,0,0,0,0,0,0,0,"M",0,"0",0
"380",1,0,0,0,0,1,0,0,"W",2,"0",3.53028833140282
"381",1,1,0,1,1,0,1,1,"M",5,"1",9.09658339092239
"382",1,0,0,0,0,0,1,0,"M",2,"0",3.66256018563933
"383",3,2,2,1,2,0,2,2,"M",12,"1",22.0987229195408
"384",3,1,1,1,1,0,2,1,"M",9,"1",16.4139620767847
"385",3,2,1,2,2,0,1,2,"M",11,"1",20.7205833948191
"386",3,1,0,0,0,0,0,1,"M",4,"1",7.12658881125903
"387",1,0,0,0,0,0,0,0,"W",1,"0",2.01322811040828
"388",0,0,0,0,0,0,0,0,"W",0,"0",0
"389",1,0,0,0,0,1,0,0,"W",2,"0",4.01534282806629
"390",2.5,1.5,2.5,0,0,0,0,1.5,"M",6.5,"1",10.7904089235176
"391",3,2.5,1.5,0,0,0,0,1.5,"M",7,"1",12.934772740208
"392",0,1.5,1.5,0,0,0,0,0,"M",3,"0",4.60201867867174
"393",1.5,2.5,1.5,0,0,0,0,2.5,"M",5.5,"1",9.81566479458578
"394",2,1.5,1.5,0,0,0,0,2,"M",5,"1",9.97300763867415
"395",0,1,1.5,0,0,0,0,0,"M",2.5,"0",4.14543319491331
"396",0,1.5,1.5,0,0,0,0,0,"M",3,"0",6.69571895403184
"397",3,3,1.5,0,3,0,2,3,"M",12.5,"1",23.346470597636
"398",2.5,0.5,1.5,0,1.5,0,0,1.5,"W",6,"1",10.1559173298593
"399",2.5,1,1.5,0,1.5,0,0,1.5,"M",6.5,"1",12.2471787810499
"400",3,3,0,0,3,0,2,3,"M",11,"1",20.6209215623984
"401",3,2,0,0,2,0,2,3,"M",9,"1",18.9715390385833
"402",3,2.5,0,0,3,0,2,3,"M",10.5,"1",18.4045457608299
"403",1.5,1.5,1.5,0,0,0,0,1,"W",4.5,"1",9.91396890099902
"404",0,1.5,1.5,0,0,0,0,0,"W",3,"0",5.1361083443658
"405",0,1.5,1.5,0,0,0,0,0,"M",3,"0",6.2380921125796
"406",0,1.5,1.5,0,0,0,0,0,"W",3,"0",4.60201867867174
"407",3,0,1.5,0,0,0,1.5,3,"M",6,"1",11.1591225864652
"408",0.5,0,1.5,0,0,0,1.5,1,"M",3.5,"1",6.4955386316095
"409",3,0,1.5,0,1,0,3,3,"M",8.5,"1",13.4928557992436
"410",0.5,0,1.5,0,0,0,1.5,1,"M",3.5,"1",7.02421710223362
"411",1.5,0,1.5,0,0,0,1.5,1.5,"M",4.5,"1",8.75131571298985
"412",1.5,0,1.5,0,0,0,1.5,1.5,"M",4.5,"1",8.10019679223647
"413",1.5,0,1.5,0,0,0,1.5,1.5,"M",4.5,"1",9.02706300326539
"414",1.5,0,1.5,0,0,0,1.5,2,"M",4.5,"1",8.35435829133299
"415",2.5,0,1.5,0,0,0,1.5,1,"M",5.5,"1",10.5219948524261
"416",0,0,1.5,0,0,0,0,0,"W",1.5,"0",2.27559033149181
"417",0,0,1.5,0,0,0,0,0,"W",1.5,"0",3.67587678841942
"418",0,0,1.5,0,0,0,0,0,"W",1.5,"0",2.80476429513225
"419",0,0,1.5,0,0,0,1.5,0,"W",3,"0",5.82460646074466
"420",2.5,0,1.5,0,0,0,1.5,1.5,"M",5.5,"1",11.4776475288783
"421",2,0,1.5,0,0,0,1.5,1.5,"M",5,"1",9.28927972304373
"422",1.5,0,1.5,0,0,0,1.5,1.5,"M",4.5,"1",8.50876674201778
"423",3,0,0,0.5,0.5,0,1.5,0.5,"M",5.5,"0",9.01272676543183
"424",3,0,0,0,0.5,0,0,0,"M",3.5,"0",7.21361457701222
"425",3,3,1.5,2,2.5,1,3,3,"M",16,"1",29.7716536933239
"426",0,0,0,0,0,0,0,0,"M",0,"0",0
"427",1.5,1.5,1.5,0,1,0,3,2,"M",8.5,"1",15.8346400193105
"428",3,3,0,1,1.5,0,2.5,2,"M",11,"1",19.7353875674651
"429",3,3,1.5,1,2.5,0,2,3,"M",13,"1",26.1819489915009
"430",3,3,3,1,2,0,0,1.5,"M",12,"1",20.9953535371766
"431",3,3,3,2,2,0,1.5,2,"M",14.5,"1",28.2395530383855
"432",1.5,0,0,0,0,0,0,0,"M",1.5,"0",2.27067462943818
"433",0,1.5,1,1,0,0,1.5,2,"M",5,"1",10.4868268781207
"434",0,0,0,0,0,0,0,0,"M",0,"0",0
"435",0,0,0,0,0,0,0,0,"W",0,"0",0
"436",0,0,0,0,0,0,0,0,"W",0,"0",0
"437",0,0,0,0,0,0,0,0,"W",0,"0",0
"438",0,0,0,0,0,0,0,0,"W",0,"0",0
"439",0,0,0,0,0,0,0,0,"W",0,"0",0
"440",0,0,0,0,0,0,0,0,"W",0,"0",0
"441",3,3,2,2,3,0,0,3,"M",13,"1",23.2924279578532
"442",1.5,1.5,1,1,0,0,1.5,1.5,"M",6.5,"1",11.5704267509107
"443",2.5,1.5,2,1.5,2,1.5,2.5,2.5,"M",13.5,"1",25.4468832562047
"444",2.5,2,1.5,1.5,2,1.5,1.5,2.5,"M",12.5,"1",23.0921070593654
"445",2.5,2,1,1.5,2,1.5,2,2.5,"M",12.5,"1",23.0588087569124
"446",2,1.5,1.5,1.5,1.5,1.5,2,1.5,"M",11.5,"1",21.5785260122473
"447",1.5,0.5,0.5,0,0,1.5,1.5,0.5,"M",5.5,"0",9.49106271338415
"448",2,3,2,2,2,1.5,1.5,3,"M",14,"1",25.5628753238253
"449",1.5,1.5,1.5,1,1.5,1.5,1.5,2.5,"M",10,"1",18.5897281510907
"450",2.5,1,1.5,1,0.5,1.5,1.5,2,"W",9.5,"1",17.7373205073973
"451",2,1.5,1.5,1.5,1.5,1.5,1.5,1.5,"M",11,"1",20.3734568893727
"452",1.5,0,2,0,3,1.5,0,1.5,"M",8,"1",15.5868713917924
"453",2,0,0,0,1,1.5,0,1.5,"M",4.5,"1",8.19290830284145
"454",3,0,0,0,0,1.5,0,0.5,"M",4.5,"0",6.88252471221718
"455",3,0,0,0,0,1.5,0,1,"M",4.5,"1",10.570003523806
"456",0,1,3,0,0,1.5,0,0.5,"M",5.5,"0",10.2242347443671
"457",0,0,0,0,0,1.5,0,1.5,"M",1.5,"1",2.27559033149181
"458",2,1,0,0,0,1.5,0,1.5,"M",4.5,"1",8.65417838415233
"459",3,1,1,0,0.5,0,1,1.5,"M",6.5,"1",13.194487434028
"460",1.5,2,0,0,0,0,0,0,"M",3.5,"0",5.37913336174959
"461",1,0,0,0,0,0,0,0,"M",1,"0",1.51706022099454
"462",2,1,0,0,0,0,0,0,"M",3,"0",6.41495213751801
"463",0,0,0,0,0,0,0,0,"M",0,"0",0
"464",2,3,1.5,1,2,0,1.5,3,"M",11,"1",22.1610494670595
"465",1,2,0,1,1,0,0,0,"M",5,"0",9.45264316805176
"466",1.5,2.5,0,0.5,0,0,0,0,"M",4.5,"0",9.00821176613393
"467",1.5,2,2,1,1,0,1,1.5,"M",8.5,"1",15.2319637998449
"468",0,0,0,0,0,0,0,0,"M",0,"0",0
"469",0,0,0,0,0,0,0,0,"M",0,"0",0
"470",0,0,0,0,0,0,0,0,"M",0,"0",0
"471",0,0,0,0,0,0,0,0,"M",0,"0",0
"472",1,0,0,0,0,0,0,0,"W",1,"0",1.5542293661557
"473",1,0,0,0,0,0,0,1,"W",1,"1",2.14549996464479
"474",1,1,2,0,0,0,1,1,"M",5,"1",9.25828270490377
"475",1,2,2,1,1,0,2,2,"M",9,"1",17.5385697098487
"476",3,2,2,2,1,0,2,2,"M",12,"1",22.7709806503886
"477",3,3,3,2,1,0,3,3,"M",15,"1",27.7369379920791
"478",0,0,0,0,0,0,0,0,"W",0,"0",0
"479",1,2,1,1,0,0,1,1,"M",6,"1",10.4702583649301
"480",0,1,0,0,0,0,0,0,"M",1,"0",2.01322811040828
"481",1,0,0,0,0,0,0,0,"W",1,"0",1.51378308629212
"482",1,1,0,0,0,0,0,0,"M",2,"0",3.66256018563933
"483",1,2,0,0,0,0,0,0,"M",3,"0",5.47815069819719
"484",1.5,0,0,0,0,0,0,0,"W",1.5,"0",2.80476429513225
"485",3,3,1.5,1.5,3,0,3,3,"M",15,"1",30.0394850709343
"486",2,2,0,0,0,0,1,1.5,"M",5,"1",8.36192754544652
"487",2.5,1,0,0,0,0,2,2,"W",5.5,"1",10.4110984640093
"488",1,0,0,0,0,0,0,0,"W",1,"0",1.51378308629212
"489",2.5,0,0,0,0,0,0,1.5,"M",2.5,"1",3.79265055248635
"490",2.5,0,0,0,0,0,0,1.5,"M",2.5,"1",6.12646131403237
"491",2.5,0,0,0,0,0,0,1.5,"M",2.5,"1",4.67460715855375
"492",2.5,0,0,0,0,0,0,0,"M",2.5,"0",5.03307027602069
"493",2,2,2,3,3,3,2,3,"M",17,"1",32.7377688757258
"494",2,2,2,2,2,2,1,1.5,"M",13,"1",24.6113960540652
"495",1.5,0,0,0,0,0,0,0,"M",1.5,"0",2.27067462943818
"496",2.5,1.5,1,0,0,0,2,1.5,"M",7,"1",12.7638143367048
"497",2,0,0,0,0,0,0,1,"W",2,"1",4.90116905122589
"498",2,1.5,0,0,0,0,0,1,"M",3.5,"1",6.01527605833481
"499",0,1.5,0,0,0,0,0,1,"M",1.5,"1",3.67587678841942
"500",0,1,0,0,0,0,0,0,"M",1,"0",1.8698428634215
"501",0,2,1.5,0,2,0,0,2,"M",5.5,"1",10.8107917415474
"502",2.5,1.5,1.5,0,2,0,2,1.5,"M",9.5,"1",18.1127350406116
"503",1.5,0,0,0,0,0,0,0,"W",1.5,"0",2.27559033149181
"504",1,1,0,0,0,0,0,0,"M",2,"0",3.96436761190507
"505",1.5,2,1,0,0,0,0,2,"M",4.5,"1",7.98438470176612
"506",0,0,0,0,0,0,0,0,"M",0,"0",0
"507",3,1.5,1,2.5,2,1,1,0.5,"W",12,"0",22.3390863589275
"508",2.5,1,1.5,2.5,2,1.5,1.5,1,"W",12.5,"1",23.0261258851054
"509",0,0,1,2,2,2,2,1,"W",9,"1",18.1225885067426
"510",0,0,0,0.5,0.5,2,0.5,2,"W",3.5,"1",6.02556396997469
"511",1,0,1,1.5,2,1.5,1.5,1,"W",8.5,"1",16.0817907414696
"512",1.5,0,0,1,0.5,0,0,0,"M",3,"0",6.043284668347
"513",0,0,1,3,3,1.5,2.5,1.5,"W",11,"1",19.4253400181275
"514",2,1,1.5,2.5,3,1.5,1.5,1.5,"M",13,"1",24.6038775879191
"515",2,1.5,0,1.5,0,1.5,0,1.5,"M",6.5,"1",12.3862810194724
"516",0,0,0,1.5,0,0,0,1,"M",1.5,"1",2.27559033149181
"517",2,1.5,1.5,0,1.5,0,1.5,1.5,"M",8,"1",14.3476514791391
"518",3,1.5,2,0,0,1.5,0,1.5,"M",8,"1",15.9491368855556
"519",3,0,0,0,0,0,0,0,"W",3,"0",5.6095285902645
"520",0.5,0,0,0,1.5,1.5,0,0.5,"W",3.5,"0",6.0869686818282
"521",2,1,0,0,0.5,0,0.5,1,"M",4,"1",6.7418071940831
"522",2,0.5,0,0,0,0,0,1,"M",2.5,"1",5.29761398449371
"523",1,0.5,0,0,0,0,0,0,"M",1.5,"0",2.29089776936997
"524",0,0,0,0,0,0,0,0,"M",0,"0",0
"525",3,1.5,0.5,0.5,1.5,0,0.5,1.5,"M",7.5,"1",14.6166687077616
"526",3,2,1,1,1.5,1,1.5,2,"M",11,"1",20.3233810312517
"527",2.5,1,0.5,0.5,0.5,0.5,0.5,1,"W",6,"1",11.783862552388
"528",2.5,0.5,0.5,0,0,0,0,0.5,"M",3.5,"0",5.57902495759728
"529",2,1.5,1,1.5,2,1,1,1.5,"M",10,"1",18.5274630666806
"530",0.5,0,0,0,0,0,0.5,0.5,"M",1,"0",1.98218380595253
"531",2,1,1,1,1,1,2,1.5,"M",9,"1",16.4511312219459
"532",2.5,2,0.5,1.5,2,1.5,2,2.5,"M",12,"1",23.0147330745995
"533",0,0,0,0,0,0,0,0,"W",0,"0",0
"534",2,1,0,0,0,0,0,0,"M",3,"0",6.4770407464295
"535",2,0,0,0,0,0,0,0,"M",2,"0",3.10845873231141
"536",1,0,0,0,0,0,0,0,"W",1,"0",2.14549996464479
"537",1,0,0,0,0,0,0,0,"W",1,"0",1.51378308629212
"538",3,0,0,0,0,0,0,0,"M",3,"0",4.55118066298362
"539",3,1,0,0,0,0,0,0,"M",4,"0",8.86553666313096
"540",3,2,0,1,0,1,0,1,"M",7,"1",12.170660228954
"541",0,1,0,0,0,0,0,0,"M",1,"0",2.45058452561295
"542",0,0,0,0,0,0,0,0,"W",0,"0",0
"543",0,0,0,0,0,0,0,0,"W",0,"0",0
"544",0,0,0,0,0,0,0,0,"W",0,"0",0
"545",1,0,0,0,0,0,0,0,"W",1,"0",1.51706022099454
"546",0,0,0,0,0,0,0,0,"M",0,"0",0
"547",2.5,2,1.5,1,0,1,3,2,"M",11,"1",19.1166768426775
"548",2,1,1,1,0,1,2,2,"M",8,"1",15.3531133491614
"549",3,0,0,0,0,0,0,0,"M",3,"0",4.66268809846711
"550",1.5,3,1.5,2,2.5,1.5,0,2,"M",12,"1",22.6517149497172
"551",1,1,0,0,0,1.5,0,1,"M",3.5,"1",6.08785461806024
"552",2.5,1.5,1,0,0,1.5,0,1.5,"M",6.5,"1",11.3554726590954
"553",1,0,0,0,0,1.5,0,1,"M",2.5,"1",5.66883447258013
"554",3,1,0,0,0,1.5,0,2,"M",5.5,"1",9.39726344069722
"555",3,0,1.5,0,0,1.5,0,1,"W",6,"1",10.5859492921548
"556",1.5,0,1.5,0,0,1.5,0,1,"W",4.5,"1",8.28281116914479
"557",1.5,0,1.5,0,0,1.5,0,1,"W",4.5,"1",9.69889103051885
"558",3,0,1.5,0,0,1.5,0,0,"W",6,"0",10.365955719621
"559",3,0,1.5,0,0,1.5,0,0,"W",6,"0",9.90236687782959
"560",3,0,1.5,0,0,1.5,0,0,"W",6,"0",12.9013475730396
"561",2.5,0,1.5,0,0,1.5,0,1.5,"M",5.5,"1",10.1635317349591
"562",3,0,1.5,0,0,1.5,0,1.5,"M",6,"1",10.5859492921548
"563",3,0,1.5,0,0,1.5,0,1.5,"M",6,"1",10.6141552183783
"564",3,0,1.5,0,0,1.5,0,1,"M",6,"1",12.917140977486
"565",1.5,0,1.5,0,0,1.5,0,1.5,"M",4.5,"1",8.09528109018284
"566",2.5,0,1.5,0,0,1.5,0,1.5,"M",5.5,"1",9.14383676733232
"567",2.5,0,1.5,0,0,1.5,0,2,"M",5.5,"1",11.6760553102331
"568",2.5,0,1.5,0,0,1.5,0,2,"M",5.5,"1",10.1635317349591
"569",2.5,0,1.5,0,0,1.5,0,1.5,"M",5.5,"1",9.57933523695068
"570",2,0,0,0,0,0,0,1,"M",2,"1",3.10845873231141
"571",1,0,0,0,0,0,0,0.5,"M",1,"0",2.14549996464479
"572",1,0,0,0,0,0,0,0.5,"M",1,"0",1.51378308629212
"573",1,0,0,0,0.5,0,0,1,"M",1.5,"1",2.2739517641406
"574",1,0,0,0,0.5,0,0,1,"M",1.5,"1",3.20911463611022
"575",1,0,0,0,0,0,0,0.5,"M",1,"0",1.8698428634215
"576",2,2,1,0,2,0,1,1.5,"M",8,"1",16.3265940498224
"577",1,1,0,0,0,0,0,0.5,"M",2,"0",3.4240722295772
"578",2,0,0,0,0,0,0,0,"W",2,"0",4.29099992928958
"579",2,1,0,0,0,0,0,1,"M",3,"1",4.58179553873995
"580",1,0,0,0,0,0,0,0,"M",1,"0",1.51706022099454
"581",0,0,0,0,0,0,0,0,"W",0,"0",0
"582",3,1,0,0,0,0,0,1,"M",4,"1",7.12658881125903
"583",1,0,0,0,0,0,0,1,"M",1,"1",2.01322811040828
"584",2,1,0,0,0,0,0,2,"M",3,"1",4.97830159573291
"585",3,0.5,0,0,0,0,0,1,"M",3.5,"1",7.4431139491385
"586",0,0,0,0,0,0,0,0,"W",0,"0",0
"587",3,1,1.5,0,1.5,2,1.5,2,"M",10.5,"1",17.9004204501227
"588",1.5,1,0,0,1.5,0,0,1,"M",4,"1",7.46525020620335
"589",1,0,0,0,0,0,0,1,"M",1,"1",1.8698428634215
"590",0.5,0,0,0,0,0,0,1,"M",0.5,"1",1.00661405520414
"591",0,0,0,0,0,0,0,1,"M",0,"1",0
"592",3,3,2.5,3,2.5,0,2,3,"M",16,"1",30.0636886554463
"593",0,0,0,0,0,0,0,1,"M",0,"1",0
"594",0,0,0,0,0,0,0,0,"M",0,"0",0
"595",0,0,0,0,0,0,0,0,"W",0,"0",0
"596",0,0,0,0,0,0,0,0,"W",0,"0",0
"597",1.5,0,0,0,0,0,0,1,"M",1.5,"1",3.01984216561242
"598",2,1,1,0,0,0,0,1,"M",4,"1",6.49536181672745
"599",1,0,0,0,0,0,0,0,"M",1,"0",2.14549996464479
"600",0,0,0,0,0,0,0,0,"M",0,"0",0
"601",0,0,0,0,0,0,0,0,"M",0,"0",0
"602",0,0,0,0,0,0,0,0,"M",0,"0",0
"603",0,0,0,0,0,0,0,0,"M",0,"0",0
"604",0,0,0,0,0,0,0,0,"W",0,"0",0
"605",1.5,1,0,0,1,0,2,1,"M",5.5,"1",9.24198119564757
"606",2,3,2,3,2,0,2,3,"M",14,"1",25.9157817449172
"607",2,1,0,0,0,0,0,1,"M",3,"1",4.58179553873995
"608",0,0,0,0,0,0,0,0,"W",0,"0",0
"609",2,2,2,2,3,0,3,3,"M",14,"1",25.367744677173
"610",0,0,0,0,0,0,0,0,"W",0,"0",0
"611",0,0,0,0,0,0,0,0,"W",0,"0",0
"612",0,0,0,0,1,0,0,1,"M",1,"1",2.01322811040828
"613",2,1.5,0,0,1,0,1.5,1.5,"M",6,"1",11.1406617925495
"614",3,1,0,0,1,0,0,2,"M",5,"1",8.24107858967685
"615",3,2.5,0,0,2,0,0,3,"M",7.5,"1",12.9424967471798
"616",0,0,0,0,0,0,0,0,"M",0,"0",0
"617",0,0,0,0,0,0,0,0,"M",0,"0",0
"618",0,0,0,0,0,0,0,0,"W",0,"0",0
"619",0,0,0,0,0,0,0,0,"W",0,"0",0
"620",0,0,0,0,0,0,0,0,"M",0,"0",0
"621",1,0,0,0,0,0,0,0,"M",1,"0",1.51378308629212
"622",0,0,0,0,0,0,0,0,"W",0,"0",0
"623",3,0,0,0,0,0,1,2,"M",4,"1",9.36498168724712
"624",2,0,0,0,0,1,2,3,"M",5,"1",8.36192754544652
"625",3,2,2,2,2,2,2,2,"M",15,"1",28.141684385468
"626",3,3,3,3,3,3,3,3,"M",21,"1",39.1926844125896
"627",2,1,0,0,0,1,2,2,"M",6,"1",11.2081913451084
"628",0,0,0,0,0,0,0,0,"M",0,"0",0
"629",2.5,1.5,3,0,0,1,3,3,"M",11,"1",20.2143427870986
"630",0,0,0,0,0,0,0,0,"M",0,"0",0
"631",1,0,0,0,0,0,0,0,"M",1,"0",1.8698428634215
"632",2,2,1,0,1,0,2,2,"M",8,"1",16.6022511510456
"633",3,2,2,1,0,0,3,2,"M",11,"1",18.1233434908203
"634",3,1,0,0,0,0,0,0,"M",4,"0",8.44972800434264
"635",0,0,0,0,0,0,0,0,"M",0,"0",0
"636",2,0,0,0,0,0,0,0,"W",2,"0",3.03412044198908
"637",2,0,0,2,1,0,1,1.5,"M",6,"1",12.1711431094717
"638",2,3,2,3,3,2,3,3,"M",18,"1",33.6635584982312
"639",1,1,1,0,0,1.5,1,1.5,"M",5.5,"1",10.3986860184499
"640",0,1,0,0,1,2,1,2,"M",5,"1",10.2980231113478
"641",0,1,0,1,2,2,1,2,"M",7,"1",11.8922158768493
"642",1,1,0,0,1,0,0,1,"W",3,"1",5.21351241709261
"643",1,1,0,0,1,0,0,1,"W",3,"1",5.17634327193145
"644",1,1,1,0,0,0,0,1,"W",3,"1",5.51859697806077
"645",1,1,1,1,0,0,2,2,"M",6,"1",10.6540898917805
"646",2,1,1,1,1,1,0,2,"W",7,"1",12.9319562832934
"647",3,2,1,2,2,1,1,2,"W",12,"1",22.2012578083158
"648",2,2,1,3,2,2,2,3,"W",14,"1",25.1916548357389
"649",1,1,0,2,1,1,3,1.5,"W",9,"1",17.6126145463288
"650",2,2,2,2,3,2,2,3,"M",15,"1",27.6422393613519
"651",2,1,1,1,2,1,1,2,"M",9,"1",17.0318728841374
"652",2.5,0.5,0,0,1.5,0,0,1,"M",4.5,"1",9.10901405747044
"653",0,0,0.5,0.5,0.5,0,1,1.5,"M",2.5,"1",4.61442762257945
"654",3,2.5,0,2.5,2.5,0,0,0.5,"M",10.5,"0",19.7341154446535
"655",2.5,2,2,2,2,1.5,2,1.5,"M",14,"1",26.2662848256714
"656",2.5,0,2,3,0,3,3,2,"M",13.5,"1",25.4667620136206
"657",3,0.5,2.5,0,1,0.5,1.5,0.5,"M",9,"0",15.7526629858289
"658",2.5,2,1,0,2,0,0,0.5,"M",7.5,"0",13.7423772947614
"659",3,1.5,2,1,1,0,3,3,"M",11.5,"1",21.3026195855342
"660",3,2.5,2,1,3,0,0.5,3,"M",12,"1",23.430219756584
"661",3,2,0,1.5,1.5,0,2,1.5,"M",10,"1",17.6680321104739
"662",1.5,0,1.5,1.5,0,0,1.5,0,"M",6,"0",11.4403916963166
"663",0,1.5,1.5,1.5,0.5,0,1.5,1.5,"M",6.5,"1",12.1603254465994
"664",0,1.5,1.5,1.5,1,0,1,1.5,"M",6.5,"1",13.2975948507126
"665",2,1.5,1,0.5,2.5,3,1.5,2,"M",12,"1",22.9099870905637
"666",1.5,1,0.5,0.5,2,3,2.5,2,"M",11,"1",19.7292802791448
"667",1,1,1,0,0,3,0,1.5,"M",6,"1",10.528776385297
"668",2.5,0,0,0,0,0,0,0,"M",2.5,"0",3.88557341538926
"669",2.5,0,0,0,0,0,0,0,"M",2.5,"0",5.36374991161197
"670",0,0,0,0,1,0,0,0.5,"W",1,"0",2.14549996464479
"671",0,0,0,0,2,0,0,0.5,"W",2,"0",3.02756617258424
"672",2,0,0,0,0,0,0,0,"M",2,"0",4.90116905122589
"673",0,0,0,0,0,0,0,0.5,"M",0,"0",0
"674",1,0,0,0,2.5,2,2,1.5,"M",7.5,"1",14.0129556402407
"675",0,0,0,0,1.5,0,0,0,"W",1.5,"0",3.01984216561242
"676",1,0,0,0,0,0,0,0,"M",1,"0",2.14549996464479
"677",0,0,0,0,0.5,0,0,0,"W",0.5,"0",1.07274998232239
"678",3,0,0,0,0,0,0,0,"M",3,"0",4.55118066298362
"679",0,1.5,0.5,0,1.5,0,1.5,2,"W",5,"1",8.34322180962026
"680",2,0.5,0,0,0,0,0,0,"M",2.5,"0",4.49821583734027
"681",0,0,0,0,0.5,0,0,0,"M",0.5,"0",0.934921431710749
"682",1,0,0,0,0,0,0,0,"W",1,"0",1.5542293661557
"683",2.5,1,1,0,0,0,1,1,"M",5.5,"1",11.3446227686277
"684",2.5,0,0,0,0,0,0,1,"M",2.5,"1",3.7844577157303
"685",2,0,0,0,0,0,0,0,"M",2,"0",3.03412044198908
"686",2,1,1,1,1,0,1,1,"M",7,"1",13.369312698498
"687",3,2.5,2,2,2,0,2,2,"M",13.5,"1",25.7292630763943
"688",1.5,1.5,0,0,0,0,1,0,"M",4,"0",8.84121891867662
"689",1,0,0,0,0,0,0,0,"W",1,"0",1.5542293661557
"690",2,1.5,1,0,1,0,0,1,"M",5.5,"1",11.3156559866706
"691",3,0,0,0,0,0,0,0,"M",3,"0",4.54134925887636
"692",3,0,0,0,0,0,0,0,"M",3,"0",4.55118066298362
"693",3,0,0,0,0,0,0,1.5,"M",3,"1",7.35175357683884
"694",1.5,0,0,0,0,0,0,0,"M",1.5,"0",2.80476429513225
"695",1.5,0,0,0,0,0,0,0,"W",1.5,"0",3.01984216561242
"696",3,1,1.5,0,0,0,2,2,"M",7.5,"1",11.8356874659647
"697",0,0,0,0,0,0,0,0,"M",0,"0",0
"698",1,0.5,0,0,0,0,0.5,1,"M",2,"1",3.51619003217645
"699",2,1.5,0,0,1,0,1,0.5,"M",5.5,"0",9.63599633866988
"700",0,0,0,0,0,0,0,0,"M",0,"0",0
"701",0.5,0,0,0,0,0,0.5,1,"M",1,"1",1.7120361147886
"702",0,0,0,0,0,0,0,0,"M",0,"0",0
"703",0,0,0,0,0,0,0,1,"M",0,"1",0
"704",0,0,0,0,0,0,0,1,"M",0,"1",0
"705",2,0.5,0.5,0,0,0,0,2,"M",3,"1",4.73960228737284
"706",2,0.5,0.5,0,0.5,0,0,2,"M",3.5,"1",5.87037602266167
"707",0,0,0,0,0,0,0,0,"W",0,"0",0
"708",0,0,0,0,0,0,0,0,"W",0,"0",0
"709",0,0,0,0,0,0,0,0,"W",0,"0",0
"710",0,0,0,0,0,0,0,0,"W",0,"0",0
"711",2,2,1.5,2,2.5,0,2.5,2,"M",12.5,"1",22.6991230789854
"712",2,1.5,1.5,0.5,1.5,0,1.5,1.5,"M",8.5,"1",15.8163313628339
"713",3,1,1.5,2,2,0,0,2,"M",9.5,"1",17.645258017051
"714",2.5,2,1.5,0.5,0.5,0,1.5,2,"M",8.5,"1",16.1986652436706
"715",2,1,1.5,1.5,1,0,1.5,2,"M",8.5,"1",16.2767666352636
"716",0.5,0.5,1.5,0,0,0,1.5,0.5,"W",4,"0",7.72083089441598
"717",2,1,1.5,1.5,0,0,1.5,1.5,"M",7.5,"1",12.7428165036301
"718",1,0,1.5,0,0,0,1.5,0.5,"W",4,"0",8.09696708455602
"719",0.5,0.5,1.5,0,1,0,1.5,0.5,"W",5,"0",10.1601472744204
"720",1,1,1.5,0.5,0.5,0,1.5,1.5,"M",6,"1",11.4693504523365
"721",0.5,0,1.5,0,0,0,1.5,0.5,"W",3.5,"0",6.57647847765244
"722",1,1,1.5,0,0.5,0,1.5,0.5,"W",5.5,"0",10.1617893434232
"723",1,0,0,0,0,0,1,1.5,"M",2,"1",4.15872807505306
"724",3,0,0,0,1,0,1.5,1.5,"M",5.5,"1",8.94659083831357
"725",1,0,0,0,1,0,1.5,1.5,"M",3.5,"1",5.9753196622923
"726",0,0,0,0,0,0,0,1.5,"M",0,"1",0
"727",1,0,0,0,0,0,2.5,1.5,"M",3.5,"1",6.19166737954829
"728",1,0,0,0,1,0,3,1.5,"M",5,"1",10.0073290778323
"729",0,3,3,1,2,1.5,1.5,2.5,"M",12,"1",22.5040963972239
"730",0,0,0,0,0,0,0,3,"M",0,"1",0
"731",0,0,0,0,0,0,0.5,1.5,"M",0.5,"1",0.756891543146061
"732",0,0,1,0,1,0,2,1.5,"M",4,"1",7.03893433375773
"733",0,0,0,0,0,0,0,0,"W",0,"0",0
"734",0,0,0,0,2,0,2.5,2,"M",4.5,"1",7.70217333113799
"735",0,0,0,0,0,1.5,0,1.5,"W",1.5,"1",3.21824994696718
"736",3,0,0,0,0,0,1,1.5,"M",4,"1",7.1637579564202
"737",3,1.5,1,0,1,0,0,2,"M",6.5,"1",13.0991870693579
"738",3,0,0,0,0,0,1,1.5,"M",4,"1",6.17647118475923
"739",3,0,0,0,0,0,0.5,1.5,"M",3.5,"1",7.19503000443163
"740",1.5,1.5,0,0,0,0,0.5,1.5,"M",3.5,"1",5.82731094147821
"741",1.5,0,0,0,0,0,0.5,1.5,"M",2,"1",3.21051176320256
"742",3,0,0,0,1,0,0.5,1.5,"M",4.5,"1",9.87542785303752
"743",3,0,0,0,0,0,0,1.5,"M",3,"1",5.6095285902645
"744",0,1,0,0,1.5,0,0,0,"M",2.5,"0",5.25534882074519
"745",0,0,0,0,1.5,0,0,0,"M",1.5,"0",3.01984216561242
"746",1,0,0,0,3,0,0,1,"M",4,"1",6.8081880631119
"747",2,3,2.5,1.5,3,0,3,2.5,"M",15,"1",28.4287052318701
"748",1,0,0,0,0,0,0,0,"M",1,"0",1.51706022099454
"749",2,0,0,0,0,0,0,1,"M",2,"1",4.90116905122589
"750",0,0,0,0,0,0,0,0,"M",0,"0",0
"751",2,0,0,0,0,0,0,2,"M",2,"1",4.02645622081655
"752",1,0,0,0,0,0,0,1,"M",1,"1",1.5542293661557
"753",1,0,0,0,0,0,1,2,"M",2,"1",3.66256018563933
"754",0,0,0,0,0,0,0,1,"M",0,"1",0
"755",1.5,3,1.5,3,1.5,3,3,3,"M",16.5,"1",31.6265772860472
"756",3,0,3,1.5,0,1.5,3,3,"M",12,"1",24.0771402486302
"757",1.5,1.5,1.5,0,1.5,1.5,0,1.5,"M",7.5,"1",14.2451559914488
"758",3,3,3,3,1.5,3,1.5,3,"M",18,"1",33.1696701704902
"759",1.5,1.5,0,0,1.5,1.5,1.5,3,"M",7.5,"1",14.1025019278358
"760",1,2,2,2,2,1,2.5,3,"M",12.5,"1",22.8716435574907
"761",1.5,2,2.5,3,2,1,2,3,"M",14,"1",25.8103182742107
"762",0,0,0,0,0,0,0,0,"W",0,"0",0
"763",1,1.5,1,1.5,2,1,2,2,"M",10,"1",18.2863294437895
"764",2,3,2,3,3,0,2,3,"M",15,"1",29.0817629594913
"765",3,0.5,0,0,0,0,0,0,"W",3.5,"0",7.2649765940313
"766",3,0,0,0,0,0,0,0,"M",3,"0",4.66268809846711
"767",3,0,0,0,0,0,0,0,"M",3,"0",6.43649989393436
"768",3,0,0,0,0,0,0,0,"W",3,"0",4.54134925887636
"769",3,0,0,0,0,0,0,0,"M",3,"0",4.55118066298362
"770",3,0,0,0,0,0,0,0,"M",3,"0",7.35175357683884
"771",1.5,0,0,0,0,0,0,1,"M",1.5,"1",2.80476429513225
"772",2,0,0,0,0,0,0,1.5,"M",2,"1",4.02645622081655
"773",0,0,0,0,0,0,0,0,"M",0,"0",0
"774",2,1,0,0,0,0,0,1,"M",3,"1",6.30422803969785
"775",2,2,0,0,1,0,1.5,2,"M",6.5,"1",11.9574016579599
"776",0,0,0,0,0,0,0,0,"M",0,"0",0
"777",0,0,0,0,0,0,0,0,"W",0,"0",0
"778",0,0,0,0,0,0,0,0,"W",0,"0",0
"779",2,0,0,0,1,0,1,1,"M",4,"1",8.04179904888284
"780",2,0,0,0,0,0,1,1,"M",3,"1",4.62224181860353
"781",1,3,3,3,3,2,2,3,"M",17,"1",31.514781398884
"782",1,1,1,1,1,2,1,2,"M",8,"1",15.0774562479382
"783",1,1,1,1,1,1,1,2,"M",7,"1",13.0642281375299
"784",1,1,1,1,1,1,1,2,"M",7,"1",13.0642281375299
"785",2,2,2,1,2,1,1,2,"M",11,"1",21.0472157122036
"786",3,3,2,2,2,1,2,3,"M",15,"1",29.0752086900864
"787",1,0,0,0,0,0,0,1,"M",1,"1",1.5542293661557
"788",2,1,0,0,0,0,1,1.5,"M",4,"1",7.82128826069239
"789",1,1,0,0,0,0,0,1,"M",2,"1",3.06801245244782
"790",1,1,1,0,1,0,1,1,"M",5,"1",9.05941424576123
"791",0,0,0,0,0,0,0,0,"W",0,"0",0
"792",0,0.5,0,0,1,0,0,0.5,"M",1.5,"0",3.20911463611022
"793",1.5,1,0.5,0,0,0,0,1,"M",3,"1",6.22731823437142
"794",1,2,1,1,1,1,0,1,"M",7,"1",13.4202879146593
"795",2,3,1,0,2,0,0,1,"M",8,"1",15.8897275184388
"796",3,1.5,0.5,0,0,0,1.5,2,"M",6.5,"1",11.4834915282401
"797",1,0,0,0,0,0,0,0.5,"W",1,"0",1.51706022099454
"798",3,1,0,0,0,0,0,1.5,"M",4,"1",8.86553666313096
"799",2.5,0.5,0,0.5,0,0,0,1.5,"M",3.5,"1",6.43975132425515
"800",2,2,1,1,1,0.5,0,2,"M",7.5,"1",14.624010698409
"801",1,0,0,0,0,0,0,0.5,"W",1,"0",1.5542293661557
"802",1.5,0,0,0,0,0,0,0,"M",1.5,"0",3.21824994696718
"803",1.5,0,0,0,0,0,0,0,"M",1.5,"0",2.27067462943818
"804",3,3,1.5,0,1.5,0,1.5,2.5,"M",10.5,"1",19.0829616471008
"805",2,0,1.5,0,0,0,2,0,"M",5.5,"0",11.258969321276
"806",1.5,0,0,0,0,0,0,0,"M",1.5,"0",2.80476429513225
"807",1.5,0,0,0,0,0,0,0,"M",1.5,"0",3.01984216561242
"808",1.5,0,0,0,0,0,0,0,"M",1.5,"0",2.33134404923356
"809",1,0,0,0,0,0,0,0,"W",1,"0",2.14549996464479
"810",1,0,0,0,0,0,0,0,"W",1,"0",1.51378308629212
"811",2,0,0,0,0,0,0,0,"M",2,"0",3.03412044198908
"812",3,1,1,0,0,0,0,1,"M",5,"1",10.4197660292867
"813",1,0,0,0,0,0,0,1,"M",1,"1",1.8698428634215
"814",2,3,2,2,2,1,1,3,"M",13,"1",24.9164806150334
"815",1,0,0,0,0,0,0,1,"W",1,"1",1.5542293661557
"816",1,0,0,0,0,0,0,1,"W",1,"1",2.14549996464479
"817",2,0,0,0,0,0,0,1,"W",2,"1",3.02756617258424
"818",2,0,0,0,0,0,0,2,"M",2,"1",3.03412044198908
"819",1,0,0,0,0,0,0,1,"W",1,"1",2.45058452561295
"820",2,1,0,0,1,0,0,2,"W",4,"1",7.70733047345048
"821",1,0,0,0,0,0,0,0,"M",1,"0",2.01322811040828
"822",1,0,0,0,0,0,0,0,"M",1,"0",1.5542293661557
"823",1,0,0,0,1,0,0,0,"M",2,"0",3.69972933080049
"824",1,1,0,0,0,0,1,0,"M",3,"0",5.51859697806077
"825",0,1,0,0,0,0,1,0,"M",2,"0",4.01534282806629
"826",1,1,0,0,0,1,1,0,"M",4,"0",8.12309568695813
"827",0,1,0,0,0,0,0,0,"M",1,"0",1.51706022099454
"828",0,0,0,0,0,0,0,1,"M",0,"1",0
"829",0,0,0,0,0,0,0,1,"M",0,"1",0
"830",3,0,0,0,0,0,0,1,"W",3,"1",6.43649989393436
"831",0,0,0,0,0,0,0,1,"M",0,"1",0
"832",0,0,0,0,0,0,0,1,"M",0,"1",0
"833",0,0,0,0,0,0,0,1,"M",0,"1",0
"834",2,0,0,0,0,0,0,1,"M",2,"1",3.739685726843
"835",0,0,0,0,0,0,0,0,"M",0,"0",0
"836",1,0,0,0,0,0,0,1,"M",1,"1",1.5542293661557
"837",3,0,0,0,0,0,1,2,"M",4,"1",7.95356011492891
"838",3,1.5,1,1.5,2,0,1,2.5,"M",10,"1",17.7597109579258
"839",2,0,0,0,0,0,0,0.5,"M",2,"0",3.03412044198908
"840",2,0.5,0.5,0,0,0,0.5,2.5,"M",3.5,"1",7.44178933265394
"841",1.5,3,2,2,3,0,2.5,3,"M",14,"1",26.9107281004501
"842",0,0,0,0,0,0,0,0,"W",0,"0",0
"843",0,0,0,0,0,0,0,0,"M",0,"0",0
"844",1.5,0,0,0,0,0,0,0.5,"W",1.5,"0",3.21824994696718
"845",0,0,0,0,0,0,0,0,"M",0,"0",0
"846",3,0,0,0,0,0,0,1,"M",3,"1",4.55118066298362
"847",2,0,0,0,0,0,0,1.5,"M",2,"1",4.90116905122589
"848",1.5,1,0,0,1,0,0,1.5,"W",3.5,"1",6.77240904173973
"849",1.5,1,0,0,1,0,2,1.5,"M",5.5,"1",11.6312694839364
"850",2.5,3,2,3,1,0,3,3,"M",14.5,"1",25.5202997108618
"851",2,0,0,0,0,0,0,1,"M",2,"1",4.29099992928958
"852",1,0,0,0,0,0,0,1.5,"M",1,"1",1.51378308629212
"853",0,0,0,0,0,0,0,0,"W",0,"0",0
"854",0,0,0,0,0,0,0,0,"W",0,"0",0
"855",1,0,0,0,0,0,0,1,"M",1,"1",1.8698428634215
"856",3,1,0,0,0,0,2,1.5,"M",6,"1",12.7812687861274
"857",3,0,0,0,2,0,0,0.5,"W",5,"0",8.68914431928366
"858",3,2,1,0,1,0,2,2,"M",9,"1",17.5018904485086
"859",2,0,0,0,0,0,0,1,"M",2,"1",3.02756617258424
"860",1,0,0,0,2,0,0,0.5,"W",3,"0",4.54462639357878
"861",2,1,0,0,1,0,1,1,"M",5,"1",9.94524046892083
"862",3,0,0,0,2,0,1,1.5,"M",6,"1",12.0649270076461
"863",1,1,0,0,1,0,1,1,"M",4,"1",8.47915546408751
"864",1,0,0,0,2,0,0,1,"W",3,"1",5.58068558697226
"865",3,1.5,1.5,0,1,0,2,2.5,"M",9,"1",17.720568656111
"866",1,1,0,0,0,0,0,1,"M",2,"1",3.06801245244782
"867",1,1,0,0,0,0,0,1,"W",2,"1",3.66256018563933
"868",2,0.5,1,0,0,1,1.5,1.5,"M",6,"1",12.3776320907849
"869",2.5,0.5,0.5,0.5,0.5,1.5,0,1,"M",6,"1",11.0084681988222
"870",1.5,2,1.5,1,1.5,1.5,1.5,1.5,"M",10.5,"1",20.0445197860234
"871",2,2,1.5,1,2,1.5,0.5,2,"W",10.5,"1",19.728459307673
"872",2,1,1.5,1,0.5,1,0,1.5,"M",7,"1",14.1408454609087
"873",3,2,2,1.5,2,1.5,1.5,2,"M",13.5,"1",24.651802932844
"874",2.5,2,2,2,1,1.5,2,2.5,"M",13,"1",24.596088616187
"875",2,0,2,0,1,2,1,1,"M",8,"1",15.8309160442297
"876",3,2,1.5,3,1,0,3,3,"M",13.5,"1",25.0148559345256
"877",1,0,0,0,0,1,0,0,"M",2,"0",3.53028833140282
"878",0,0,0,0,0,0,0,0,"M",0,"0",0
"879",0,0,0,0,0,0,0,0,"M",0,"0",0
"880",3,2,1,2,3,2,3,2,"M",16,"1",30.3684809881881
"881",3,0,0,0,0,1,0,0,"M",4,"0",6.10541002913932
"882",2,2,0,1,2,2,3,3,"M",12,"1",23.1633827897351
"883",0,0,0,0,0,0,0,0,"W",0,"0",0
"884",2,0,0,0,0,2,1,1,"W",5,"1",9.20607662745042
"885",3,1,1,0,0,1,2,1,"W",8,"1",13.5277418810803
"886",2,1,0,0,0,0,0,1,"W",3,"1",6.30422803969785
"887",3,1.5,2,1,1.5,0,1.5,2,"M",10.5,"1",19.0235659913341
"888",2,1,1,0,0,0,0,1.5,"M",4,"1",7.19284851704215
"889",1,0,0,0,0,0,0,0,"W",1,"0",2.45058452561295
"890",2,1,1,1,1.5,0,1,1.5,"M",7.5,"1",14.6455801774657
"891",1,0,0,0,0,0,0,1.5,"W",1,"1",2.01322811040828
"892",1.5,0,0,0,1.5,0,1.5,1.5,"M",4.5,"1",7.62186084428415
"893",1.5,1.5,0,0,1.5,0,1.5,1.5,"M",6,"1",10.845026493305
"894",1.5,0,0,0,0,0,0,0,"M",1.5,"0",2.27067462943818
"895",1.5,1.5,0,0,0,0,0,0,"M",3,"0",5.49384027845899
"896",3,3,3,0,3,1.5,3,3,"M",16.5,"1",30.3649058753579
"897",0,0,0,0,0,0,0,0,"W",0,"0",0
"898",1,0,0,0,0,0,0,1,"W",1,"1",2.01322811040828
"899",3,1,0,1,1,0,0,2,"W",6,"1",10.6912590369417
"900",3,1,1,2,1,1,1,2,"M",10,"1",18.8690111531116
"901",3,0,1,0,0,1,1,2,"M",6,"1",10.8750047583191
"902",0,0,0,0,0,1,0,0,"M",1,"0",1.5542293661557
"903",2,2,1,1,2,1,2,1,"M",11,"1",20.5588840808378
"904",2,1,0,0,0,0,0,1,"W",3,"1",5.25674594783754
"905",2,0,0,0,0,0,1,1,"M",3,"1",6.17195618546134
"906",1,0,1,0,0,1,0,1,"M",3,"1",5.52187411276319
"907",3,1,0,0,0,0,0,1.5,"M",4,"1",8.44972800434264
"908",1,1,0.5,0,0,0,0.5,1.5,"W",3,"1",5.22822614696505
"909",0.5,0.5,0,0,0,0,0,0.5,"W",1,"0",1.83128009281966
"910",2.5,1,0,0,0,0,0,1.5,"M",3.5,"1",7.64024440032449
"911",2.5,2,0.5,0,1.5,0,1,1.5,"M",7.5,"1",14.0115837374403
"912",2.5,0.5,0,0,0,0,0,0.5,"M",3,"0",6.25836253882716
"913",1,0.5,0,0,0,0,0,0,"M",1.5,"0",2.48915079786645
"914",2,1.5,2,3,1.5,1.5,0,1.5,"W",11.5,"1",21.88946874937
"915",1,0.5,0.5,2,1,0.5,2,1,"M",7.5,"1",14.3132227141446
"916",1,2,0,3,2,0.5,2,1,"M",10.5,"1",20.704180309628
"917",1.5,2,0.5,2,0,0.5,1,1,"M",7.5,"1",14.3062214636552
"918",3,3,3,3,3,3,3,3,"M",21,"1",39.1926844125896
"919",2.5,1.5,0,3,3,3,3,3,"M",16,"1",29.9688443100897
"920",1.5,0.5,0,1,0,0,1.5,1,"M",4.5,"1",7.68244007502727
"921",3,3,2,1,2,2,3,3,"M",16,"1",30.2904614848152
"922",3,2,0,0,0,1,1,1,"M",7,"1",12.113620627209
"923",2,0,0,0,0,0,0,1,"W",2,"1",3.03412044198908
"924",2,0,0,0,0,0,0,0.5,"W",2,"0",4.90116905122589
"925",3,0,0,0,0,0,0,0.5,"M",3,"0",5.6095285902645
"926",1,0.5,0,1,1,1,2,2,"W",6.5,"1",12.4706527530761
"927",0,0,0,0,0,0,0,0,"W",0,"0",0
"928",3,1.5,0,0.5,0.5,1.5,0.5,2,"M",7.5,"1",14.5536426914002
"929",1.5,0.5,0,0,0,0,0,1,"M",2,"1",3.04778931251603
"930",1,0.5,0,0,0.5,0,0.5,0.5,"W",2.5,"0",4.28162317817374
"931",0,0,0,0,0,0,0,0,"W",0,"0",0
"932",2,0.5,0,0,0,0,0,0,"M",2.5,"0",4.49821583734027
"933",0,0,0,0,0,0,0,0,"W",0,"0",0
"934",1.5,0.5,0,0,1,0,0,0,"M",3,"0",5.27949359135258
"935",0,0,0,0,0,0,0,0,"W",0,"0",0
"936",2.5,1,0.5,0,0.5,1,2,1.5,"M",7.5,"1",14.2607556575533
"937",3,0,0,0,0.5,0,2,1.5,"M",5.5,"1",9.04775793297268
"938",1.5,0,0,0,0,0,0,0,"M",1.5,"0",3.67587678841942
"939",2.5,1,1,1,1.5,0,2,1.5,"M",9,"1",17.1347309753322
"940",3,3,3,1.5,3,3,3,3,"M",19.5,"1",36.8613403633561
"941",1.5,0,0.5,0,0.5,0,0,0,"M",2.5,"0",4.09648821493496
"942",2,1,0.5,0,0,0,0,0.5,"W",3.5,"0",7.52952030250433
"943",1.5,0.5,0,0,0,0,0,0.5,"W",2,"0",3.04778931251603
"944",3,2,1.5,0,3,0,3,2,"M",12.5,"1",22.0129006070265
"945",2.5,3,2,0,3,0,1.5,3,"M",12,"1",21.3472921338162
"946",3,2.5,0,0,1,0,0,2,"M",6.5,"1",11.8527636683638
"947",1.5,0.5,0,0,1.5,0,0,2,"M",3.5,"1",7.04989872355114
"948",1.5,0,1.5,0,0,0,2,2.5,"M",5,"1",7.63450055330961
"949",3,0,0,0,0,0,0,2,"M",3,"1",6.43649989393436
"950",3,0,0,1,0,0,0,1,"M",4,"1",6.0584094798709
"951",1.5,0,0,0,0,0,0,0,"W",1.5,"0",2.27559033149181
"952",2,0,0,1,0,0,1,1,"M",4,"1",8.78424002505567
"953",2,0,0,0,0,0,0,0,"W",2,"0",3.739685726843
"954",2,0,0,0.5,0,0,0,1,"M",2.5,"1",4.80357090389441
"955",3,2,2,2,1,1,2,3,"M",13,"1",23.2188730051942
"956",0,0,0,0,0,0,0,0,"W",0,"0",0
"957",1,0,0,0,0,0,0,0,"W",1,"0",1.51378308629212
"958",3,1.5,2,2,1,1,1.5,3,"W",12,"1",22.5698326295733
"959",3,1.5,2.5,1,1,2,1,3,"M",12,"1",23.1991327457802
"960",3,1.5,1.5,2,1,2,3,2,"M",14,"1",25.2706638862043
"961",1.5,1.5,0,0,0,0,1.5,1,"M",4.5,"1",9.91396890099902
"962",1.5,1.5,0,0,0,0,2,2,"M",5,"1",8.16367451695005
"963",2,2,2,1.5,1.5,0,1.5,1.5,"M",10.5,"1",20.0962342114956
"964",1.5,0,3,0,0,0,0,0.5,"M",4.5,"0",7.88020321970268
"965",3,0,1.5,0,0,0,0,0,"W",4.5,"0",7.57102282859604
"966",2,1,1,0,0,0,1,1,"M",5,"1",9.98240961408199
"967",3,1,1,0,0,0,2,2,"M",7,"1",12.3805475082152
"968",3,0,1,0,0,0,2,2,"M",6,"1",11.8444673468065
"969",3,1,1,0,0,0,1,1,"M",6,"1",9.56337426917527
"970",3,1.5,0,0.5,0,0,0,1.5,"M",5,"1",10.2132336026928
"971",3,0,0,0,0,0,0,1,"W",3,"1",4.54134925887636
"972",3,1.5,0,0,0,0,0,1.5,"M",4.5,"1",7.7694306099508
"973",3,1.5,0,0,0,0,0,1.5,"M",4.5,"1",9.62242820627702
"974",3,1.5,0,0,0,0,0,1.5,"M",4.5,"1",7.88511892175631
"975",3,1.5,0,0,0,0,0,1.5,"M",4.5,"1",9.71556111964425
"976",1.5,0.5,0,0,0,0,0,1.5,"W",2,"1",3.2662654809443
"977",1.5,0.5,0,0,0,0,0,1.5,"W",2,"1",4.22486400217132
"978",1.5,0.5,0,0,0,0,0,1,"W",2,"1",3.04778931251603
"979",2,0,0,1.5,1,0,2,2,"M",6.5,"1",11.9634660435436
"980",2,3,1,3,2,1,2,3,"M",14,"1",25.8123528939729
"981",1,1,0,1,2,1,0,1.5,"M",6,"1",11.8150833323423
"982",0,1,1,2,1,1,1,1,"M",7,"1",12.6052293932773
"983",2,1,2,2,2,0,1,2,"M",10,"1",17.8436612741202
"984",3,3,2,3,3,2,3,3,"M",19,"1",34.8722570235552
"985",2,0,0,1,0,0,2,2,"M",5,"1",9.44579544480468
"986",2.5,0,0,0,0,0,0,0,"W",2.5,"0",3.79265055248635
"987",3,0,0,0,0,0,0,0,"M",3,"0",7.35175357683884
"988",2,0,0,0,0,0,0,1.5,"M",2,"1",3.739685726843
"989",1.5,0,0,1,0,0,2,3,"M",4.5,"1",8.8650714610577
"990",2,0,0,0,0,0,2,2,"M",4,"1",6.13602490489565
"991",2.5,1,0,0,1,0,1.5,1,"M",6,"1",11.2067977196678
"992",3,0.5,0,0,0.5,0,0,0.5,"W",4,"0",6.39121392427661
"993",2.5,2,2,1.5,2,0,2,2.5,"M",12,"1",22.5532353904391
"994",0,0,0,0,1,0,0,1,"M",1,"1",1.51706022099454
"995",0,1,0,0,0,0,0,1,"M",1,"1",1.51706022099454
"996",0,1,0,0,0,0,0,1,"M",1,"1",2.45058452561295
"997",0,0,0,0,0,0,0,0,"W",0,"0",0
"998",0,0,0,0,0,0,0,0,"M",0,"0",0
"999",0,0,0,0,0,0,0,0,"W",0,"0",0
"1000",0,0,0,0,0,0,0,0,"M",0,"0",0
"1001",0,0,0,0,0,0,0,1,"M",0,"1",0
"1002",0,2,0,0,2,0,0,1,"M",4,"1",7.93528949321497
"1003",0,2,0,0,2,0,0,1,"M",4,"1",8.64085477806889
"1004",2,3,3,0,2,0,0,2,"W",10,"1",17.2956242063761
"1005",0,0,0,0,0,0,0,0,"W",0,"0",0
"1006",3,1,0,0,1,0,0,1.5,"M",5,"1",8.24107858967685
"1007",0,0,0,0,0,0,0,0,"W",0,"0",0
"1008",1,0,0,0,0,0,0,0,"M",1,"0",2.45058452561295
"1009",1,0,0,0,0,0,0,1,"W",1,"1",1.8698428634215
"1010",1,0,0,0,0,0,0,0.5,"W",1,"0",2.01322811040828
"1011",0,0,0,0,0,0,0,0,"W",0,"0",0
"1012",0,0,0,0,0,0,0,0,"W",0,"0",0
"1013",0,0,0,0,0,0,0,0.5,"M",0,"0",0
"1014",2,0,0,0,0,0,1,0.5,"M",3,"0",4.90396330541058
"1015",0,0,2,0,0,0,0,0,"W",2,"0",3.10845873231141
"1016",2,0,2,0,2,0,1,2,"M",7,"1",14.4860840735142
"1017",2,0,2,0,2,0,2,2,"M",8,"1",15.0847080495334
"1018",2,0,0,0,0,0,0,0.5,"M",2,"0",3.10845873231141
"1019",2,0,0,0,0,0,0,0.5,"W",2,"0",4.29099992928958
"1020",2,0,0,0,0,0,0,0.5,"M",2,"0",3.02756617258424
"1021",2,0,0,0,0,0,0,2,"M",2,"1",3.03412044198908
"1022",0,0,0,0,0,0,0,0,"W",0,"0",0
"1023",1,0,1,0,1,0,0,1,"M",3,"1",6.46592735367923
"1024",1,0,2,0,0,0,2,2,"M",5,"1",9.33179421228209
"1025",0,0,0,0,0,0,0,0,"W",0,"0",0
"1026",0,0,0,0,0,0,0,0.5,"M",0,"0",0
"1027",0,0,0,0,0,0,0,0.5,"M",0,"0",0
